{
    "beta0": 1.0711778,
    "b0std": 0,
    "std_start": {"mu": 0.01, "std": 0.005},
    "std_end": {"mu": 0.001, "std": 0.0005},
    "config_list": [
        {
            "beta1": -0.15371141,
            "beta2":  0.3799416,
            "beta3": 0.12299241,
            "alpha": -0.80413189,
            "b1std": 0.0005,
            "b2std": 0.1,
            "b3std": 0.005,
            "alphastd": 0.15
        }
    ]
}

