{
    "beta0": 1.01,
    "b0std": 0,
    "std_start": {"mu": 0.01, "std": 0.005},
    "std_end": {"mu": 0.001, "std": 0.0005},
    "config_list": [
        {
            "beta1": -1.62482730e-01,
            "beta2":  4.38718663e-07,
            "beta3": 1.57371164e-01,
            "alpha": -0.93803330e+00,
            "b1std": 0.0005,
            "b2std": 0.1,
            "b3std": 0.005,
            "alphastd": 0.15
        }
    ]
}
