{
    "beta0": 0.99,
    "b0std": 0.02,
    "std_start": {"mu": 0.008, "std": 0.0005},
    "std_end": {"mu": 0.003, "std": 0.00005},
    "config_list": [
        {
            "beta1": -1.08491620e-07,
            "beta2": 7.66953651e-01,
            "beta3": 1.01170012e-07,
            "alpha": -3.12386634e+00,
            "b1std": 0,
            "b2std": 0.05,
            "b3std": 0,
            "alphastd": 0.3
        },
        {
            "beta1": 2.79877976e-02,
            "beta2": 4.81127613e-01,
            "beta3": 1.57404874e+00,
            "alpha": -3.30708316e-01,
            "b1std": 0,
            "b2std": 0.3,
            "b3std": 0,
            "alphastd": 0.03
        },
        {
            "beta1": -9.66672067e-07,
            "beta2": 4.88213590e-01,
            "beta3": 1.54150022e+00,
            "alpha": -3.31125548e-01,
            "b1std": 0,
            "b2std": 0.3,
            "b3std": 0,
            "alphastd": 0.02
        }
    ]
}