{
    "beta0": 5.4474904,
    "b0std": 0,
    "std_start": {"mu": 0.01, "std": 0.005},
    "std_end": {"mu": 0.001, "std": 0.0005},
    "config_list": [
        {
            "beta1": -13.93692601,
            "beta2": 2.11623057,
            "beta3": 2.42735617,
            "alpha": -0.39664165,
            "b1std": 0.01,
            "b2std": 0.03,
            "b3std": 0.01,
            "alphastd":0.03
        }
    ]
}